EpochSeconds	Games	
1428026400	1781309591,1781328988,1781371931,1781376633,1781376923,1781377049,1781377410,1781377455,1781377748,1781377768,1781377928,1781378057,1781378137,1781378253,1781378283,1781378408,1781378750,1781378955,1781378972,1781379342,1781379416,1781379475,1781379558,1781379724,1781329082,1781374187,1781375211,1781375502,1781375868,1781376011,1781376128,1781376652,1781376661,1781376986,1781377109,1781377351,1781377372,1781377473,1781377947,1781378056,1781378171,1781378178,1781378412,1781378728,1781378925,1781378960,1781379292,1781379311,1781379338,1781379370,1781379464,1781379547,1781379583,1781379676,1781379689,1781328866,1781329241,1781372991,1781374016,1781375862,1781377413,1781377892,1781378078,1781378126,1781378198,1781378254,1781378569,1781378778,1781378790,1781378930,1781378981,1781379372,1781379439,1781379582,1781391673,1781394591,1781395160,1781371726,1781374155,1781374584,1781376626,1781377330,1781377377,1781377766,1781377868,1781378008,1781378445,1781378799,1781378961,1781379307,1781379330,1781379458,1781379471,1781379571,1781392020,1781393208,1781393889,1781394787,1781394800,1781396798,1781452019,1781328442,1781376050,1781376696,1781378094,1781378286,1781378532,1781378782,1781378952,1781379432,1781379575,1781379699,1781393471,1781394650,1781396233,1781396325,1781396442,1781396710
1428026700	1781399224,1781377911,1781378587,1781378774,1781378950,1781379300,1781379366,1781379568,1781379727,1781393432,1781393888,1781396772,1781396900,1781396968,1781397039,1781397084,1781397277,1781397330,1781397608,1781397653,1781397679,1781397787,1781397975,1781398104,1781398391,1781398574,1781398604,1781398807,1781399022,1781399133,1781399170,1781399220,1781454824,1781377046,1781377986,1781378789,1781379710,1781394491,1781395142,1781395293,1781396009,1781396759,1781397142,1781397634,1781397674,1781397941,1781398206,1781398269,1781398335,1781398508,1781398575,1781398612,1781398632,1781398788,1781398874,1781399225,1781399328,1781399470,1781399580,1781411598,1781411923,1781412235,1781457369,1781376700,1781377103,1781377870,1781378036,1781378216,1781378581,1781378988,1781379463,1781379569,1781394504,1781396717,1781396821,1781396931,1781397125,1781397143,1781397214,1781397728,1781398121,1781398227,1781398261,1781398375,1781398685,1781398859,1781398875,1781399117,1781399245,1781399249,1781399347,1781399486,1781399589,1781409958,1781410371,1781410681,1781457571,1781412958,1781329502,1781377297,1781377538,1781378086,1781379411,1781379694,1781395021,1781396269,1781396441,1781397160,1781397219,1781397472,1781397725,1781397939,1781398090,1781398136,1781398387,1781398600,1781398787,1781398876,1781398974,1781399345,1781399424,1781399484,1781399668,1781412885,1781471280,1781377433,1781398205,1781398769,1781398856,1781399143,1781399148,1781399301,1781399463,1781399565,1781410826,1781414650,1781415369,1781415549,1781415901,1781416105,1781416534
1428027000	1781471653,1781328840,1781378020,1781379614,1781395913,1781396990,1781398093,1781398228,1781399007,1781399342,1781399444,1781399561,1781399610,1781413110,1781415251,1781415293,1781415520,1781418307,1781473142,1781377470,1781379310,1781394452,1781395615,1781395664,1781397636,1781397919,1781398218,1781399288,1781399562,1781399586,1781416499,1781417345,1781417809,1781417908,1781418233,1781418921,1781474396,1781378729,1781397316,1781398520,1781399123,1781399657,1781399697,1781412869,1781414654,1781414957,1781416552,1781417360,1781417426,1781418136,1781418242,1781418324,1781418420,1781418605,1781418705,1781418906,1781474887,1781397506,1781397816,1781399114,1781399340,1781399584,1781399615,1781411720,1781414458,1781416054,1781416536,1781416652,1781417099,1781417144,1781417317,1781417797,1781418067,1781418084,1781418304,1781418361,1781418556,1781418810,1781419031,1781419043,1781419120,1781419149,1781419298,1781419419,1781419579,1781398262,1781398616,1781399376,1781416993,1781417533,1781417544,1781418121,1781418481,1781418546,1781418570,1781418650,1781418833,1781418985,1781419106,1781419162,1781419273,1781419547,1781419597,1781419613,1781419712
1428027300	1781477300,1781379457,1781397587,1781417801,1781418434,1781419131,1781419155,1781419382,1781419611,1781450259,1781479299,1781396431,1781398975,1781399208,1781399706,1781414186,1781418289,1781418610,1781418912,1781419145,1781419311,1781419366,1781419574,1781419666,1781451459,1781451842,1781452231,1781453040,1781453508,1781453613,1781453902,1781398981,1781399464,1781417786,1781417834,1781418090,1781418670,1781419235,1781419375,1781419543,1781419582,1781451617,1781451801,1781452707,1781453603,1781453881,1781454102,1781454292,1781454771,1781454832,1781456236,1781397270,1781397753,1781409894,1781418522,1781418698,1781418815,1781418935,1781419255,1781419605,1781450529,1781450824,1781453445,1781453838,1781454278,1781454692,1781454944,1781455537,1781455643,1781455756,1781455839,1781456107,1781458215,1781494205,1781379301,1781412853,1781417142,1781418409,1781418510,1781451737,1781453320,1781453625,1781454400,1781454776,1781454823,1781455127,1781455582,1781455739,1781455857,1781456073,1781456109,1781456305,1781456337,1781456542,1781456564,1781456826,1781457000,1781457019,1781457142,1781457252,1781457416,1781457527,1781457632,1781457672,1781457969,1781458041,1781458066,1781458092,1781458118
1428027600	1781494986,1781457574,1781398198,1781418490,1781418747,1781419546,1781450802,1781451909,1781453431,1781454803,1781454948,1781455497,1781455620,1781456114,1781456361,1781456805,1781457144,1781457218,1781457275,1781457307,1781457399,1781457558,1781459347,1781398483,1781451514,1781452733,1781453210,1781453610,1781453868,1781455642,1781455767,1781456089,1781456230,1781457081,1781457169,1781457283,1781457351,1781457422,1781457815,1781458070,1781458169,1781458253,1781458641,1781458682,1781458735,1781458827,1781459149,1781459183,1781473280,1781451704,1781455076,1781455865,1781456322,1781456549,1781456769,1781456947,1781456972,1781457022,1781457086,1781457525,1781457637,1781457667,1781457823,1781457908,1781457943,1781458233,1781458441,1781458539,1781458634,1781458707,1781458778,1781459137,1781459208,1781459472,1781459558,1781459713,1781471397,1781472781,1781473255,1781419720,1781453483,1781454249,1781454420,1781454737,1781455575,1781457109,1781457173,1781457290,1781457439,1781457552,1781457773,1781457949,1781458181,1781458198,1781458392,1781458549,1781458591,1781458689,1781458708,1781458762,1781459180,1781459332,1781459401,1781459456,1781459548,1781459594,1781472544,1781474412,1781474740,1781475294,1781475325,1781456145,1781456366,1781456623,1781456787,1781456952,1781457246,1781457361,1781457384,1781457429,1781458029,1781458134,1781458573,1781458712,1781458840,1781459321,1781459382,1781459403,1781459444,1781459541,1781459590,1781459686,1781459730,1781471411,1781472238,1781472397,1781474453,1781474851
1428027900	1781455591,1781455731,1781456965,1781457146,1781457222,1781457268,1781457394,1781457848,1781458301,1781458597,1781458746,1781458768,1781459322,1781473575,1781473968,1781474390,1781474823,1781476519,1781476682,1781452722,1781453586,1781456553,1781456853,1781456963,1781457175,1781457393,1781457528,1781457573,1781458152,1781458409,1781458460,1781458642,1781458841,1781459145,1781459348,1781459450,1781459554,1781473519,1781474377,1781474951,1781475303,1781475809,1781475916,1781475924,1781476252,1781476284,1781478487,1781455831,1781456971,1781457159,1781457371,1781457989,1781458044,1781458446,1781458626,1781459356,1781459406,1781459443,1781469938,1781473699,1781475839,1781475945,1781476409,1781476528,1781476752,1781477082,1781477788,1781477843,1781477951,1781478430,1781525079,1781419122,1781453022,1781453645,1781456313,1781456999,1781458158,1781458425,1781458560,1781458624,1781458777,1781477213,1781477301,1781477725,1781477781,1781477873,1781478584,1781478626,1781478782,1781478857,1781478889,1781479017,1781479120,1781479312,1781479318,1781479368,1781479422,1781479516,1781479558,1781479672,1781479695,1781491035,1781527183,1781455868,1781456148,1781457783,1781458389,1781458451,1781458687,1781459188,1781459464,1781474757,1781474983,1781475547,1781475847,1781476258,1781476981,1781477225,1781477755,1781478260,1781478464,1781478581,1781478636,1781478890,1781479178,1781479378,1781479389,1781479553,1781479678,1781479715,1781490094
1428028200	1781457933,1781458794,1781459162,1781459350,1781474414,1781475804,1781476679,1781477220,1781477826,1781478302,1781478506,1781478605,1781478629,1781478778,1781478819,1781478940,1781478993,1781479114,1781479171,1781479323,1781479405,1781479439,1781479669,1781495368,1781540183,1781418200,1781455815,1781457607,1781458589,1781459379,1781459697,1781477784,1781478785,1781478998,1781479147,1781479244,1781479486,1781479700,1781492628,1781493233,1781494548,1781494742,1781494946,1781495102,1781495226,1781495270,1781542308,1781458155,1781459449,1781459699,1781473687,1781474322,1781475333,1781476068,1781477207,1781478284,1781478475,1781478827,1781479152,1781479285,1781492986,1781495103,1781495569,1781495683,1781495792,1781498040,1781542870,1781454831,1781458149,1781458643,1781474806,1781475268,1781476196,1781477841,1781478797,1781479185,1781479246,1781479381,1781479482,1781479513,1781479536,1781491990,1781494745,1781495537,1781495607,1781495844,1781495957,1781496302,1781496413,1781496844,1781497363,1781497401,1781497932,1781543770,1781498530,1781454892,1781478602,1781479241,1781479431,1781493747,1781494077,1781494921,1781495677,1781496507,1781496648,1781496717,1781497238,1781498200,1781498317
1428028500	1781545145,1781458814,1781459433,1781477883,1781478935,1781479189,1781479727,1781489861,1781494617,1781495660,1781495919,1781496676,1781497887,1781497894,1781498011,1781498232,1781498275,1781498504,1781498644,1781498818,1781499070,1781499581,1781499648,1781546653,1781458815,1781459722,1781476501,1781478635,1781479146,1781494607,1781496667,1781497415,1781497612,1781498112,1781498305,1781498339,1781498821,1781499029,1781499079,1781499656,1781459536,1781478526,1781479256,1781495563,1781496460,1781497604,1781497915,1781498020,1781498249,1781498424,1781498463,1781498586,1781498641,1781498861,1781498910,1781499112,1781499572,1781499607,1781499677,1781520996,1781521431,1781525488,1781548670,1781459328,1781478612,1781478924,1781494577,1781496702,1781497209,1781497373,1781498543,1781498896,1781498920,1781499054,1781499430,1781499669,1781522926,1781522994,1781523112,1781523263,1781523796,1781524030,1781524476,1781524726,1781524842,1781524847,1781524993,1781525057,1781525165,1781525207,1781525418,1781560901,1781476223,1781494125,1781496784,1781496940,1781498119,1781498514,1781498932,1781499372,1781499411,1781522730,1781522903,1781523221
1428028800	1781562629,1781524863,1781494418,1781496943,1781497584,1781499440,1781521345,1781523108,1781524010,1781524187,1781524248,1781526746,1781564068,1781496697,1781498297,1781520449,1781524137,1781524518,1781524766,1781525528,1781525684,1781525801,1781526374,1781526470,1781526655,1781526704,1781565530,1781478630,1781498141,1781498909,1781499107,1781522544,1781524950,1781525051,1781525487,1781525803,1781525855,1781526361,1781526509,1781526663,1781527056,1781527158,1781527235,1781527279,1781527383,1781527489,1781527626,1781527999,1781528105,1781528115,1781528387,1781528410,1781528438,1781528731,1781528930,1781528982,1781566375,1781497858,1781497971,1781498645,1781523510,1781523825,1781524803,1781525399,1781525869,1781526337,1781526480,1781526505,1781526723,1781527042,1781527259,1781527357,1781527517,1781527641,1781527747,1781527794,1781527851,1781527883,1781527901,1781527948,1781528032,1781528075,1781528150,1781528379,1781528651,1781528723,1781528942,1781528988,1781529275,1781529386,1781529517,1781529560,1781529566,1781529587,1781567636,1781496132,1781498309,1781522647,1781523215,1781524482,1781524797,1781525644,1781525748,1781526080,1781526514,1781527044,1781527197,1781527330,1781527364,1781527483,1781527650,1781527723,1781527896,1781527968,1781528349,1781528427,1781528576,1781528593,1781528993,1781529257
1428029100	1781610342,1781479397,1781499417,1781524319,1781526156,1781526359,1781526496,1781526591,1781527350,1781527605,1781527778,1781528403,1781528561,1781528732,1781528766,1781528951,1781528995,1781529407,1781542587,1781610646,1781499610,1781522893,1781525868,1781526460,1781526579,1781526731,1781526970,1781527119,1781527606,1781527645,1781527717,1781527991,1781528407,1781528619,1781528965,1781529296,1781529394,1781529398,1781529422,1781529533,1781529559,1781611911,1781498329,1781524694,1781525755,1781525925,1781526648,1781526912,1781527238,1781527880,1781528399,1781528686,1781528931,1781529251,1781529268,1781543496,1781543635,1781544063,1781544473,1781544672,1781544836,1781546755,1781546801,1781546862,1781547200,1781612951,1781548942,1781524765,1781525788,1781525907,1781526352,1781526667,1781526729,1781527677,1781528142,1781528393,1781529261,1781529388,1781544480,1781545322,1781546669,1781547122,1781547693,1781547824,1781547847,1781548021,1781548104,1781548467,1781548497,1781548664,1781548673,1781548717,1781559941,1781497367,1781525552,1781526529,1781526934,1781527233,1781528033,1781528582,1781528695,1781529584,1781541462,1781543342,1781543813,1781545147,1781545417,1781546757,1781546973,1781547461,1781547604,1781547854,1781548177,1781548261,1781548424,1781548971,1781548998,1781549534,1781549684
1428029400	1781497809,1781526338,1781527162,1781527327,1781528132,1781528633,1781529279,1781529379,1781543295,1781546921,1781547868,1781547904,1781548195,1781549235,1781549511,1781526711,1781526803,1781527040,1781527266,1781528001,1781528573,1781528714,1781545331,1781546088,1781546240,1781547130,1781547940,1781548017,1781548230,1781548447,1781548943,1781548972,1781548995,1781549456,1781549469,1781549687,1781561967,1781523795,1781525875,1781526501,1781527334,1781527674,1781528588,1781544163,1781548213,1781548291,1781549479,1781549726,1781560496,1781561761,1781562662,1781562771,1781566859,1781529509,1781546628,1781547446,1781562554,1781562958,1781564295,1781564603,1781565059,1781565083,1781565440,1781565472,1781565620,1781565777,1781565904,1781566013,1781566325,1781566377,1781566713,1781566781,1781567428,1781524731,1781526762,1781527846,1781529418,1781544698,1781545397,1781547424,1781547637,1781548455,1781548716,1781549237,1781562341,1781562939,1781563956,1781564126,1781564166,1781564353,1781564597,1781564826,1781564844,1781565107,1781565199,1781565503,1781565728,1781565855,1781565993,1781566011,1781566314,1781566767,1781566849,1781567031,1781567196,1781567302,1781567358
1428029700	1781567215,1781623171,1781528700,1781548245,1781549720,1781561742,1781563671,1781564040,1781565087,1781565173,1781565539,1781565892,1781566248,1781566730,1781566831,1781566863,1781567020,1781567038,1781567188,1781568531,1781624673,1781544820,1781548126,1781549206,1781564917,1781565226,1781565293,1781565471,1781565595,1781565726,1781565893,1781566436,1781566818,1781566846,1781567049,1781567241,1781567448,1781567481,1781567555,1781567617,1781567711,1781567720,1781567914,1781567983,1781568027,1781568060,1781568097,1781568178,1781568341,1781568430,1781568491,1781568518,1781568525,1781564116,1781564335,1781564916,1781565186,1781565884,1781565936,1781566188,1781566357,1781566438,1781566654,1781566677,1781566741,1781566779,1781566975,1781567030,1781567414,1781567452,1781567498,1781567526,1781567705,1781567716,1781567750,1781567762,1781567853,1781568081,1781568106,1781568177,1781568218,1781568269,1781568291,1781568313,1781568333,1781568348,1781568428,1781568516,1781568536,1781569250,1781626972,1781525200,1781547005,1781548056,1781565285,1781565480,1781565739,1781566307,1781566455,1781566676,1781566847,1781567186,1781567222,1781567400,1781567587,1781567719,1781567960,1781568217,1781568283,1781568332,1781568350,1781568473,1781568910,1781568936,1781568949,1781568958,1781569132,1781569160,1781569214,1781628034,1781549545,1781564893,1781565757,1781566180,1781566657,1781567190,1781567380,1781567584,1781567641,1781567858,1781567929,1781568123,1781568159,1781568306,1781568403,1781568966,1781569092,1781569223,1781569322
1428030000	1781629305,1781548247,1781549526,1781565200,1781566753,1781567603,1781567699,1781567944,1781568281,1781568540,1781568603,1781568661,1781568680,1781569039,1781569068,1781569365,1781569485,1781569540,1781609870,1781650169,1781564283,1781565216,1781565891,1781566853,1781567582,1781567856,1781567881,1781568133,1781568223,1781568467,1781568520,1781568617,1781568664,1781568903,1781569157,1781569400,1781569496,1781652180,1781548757,1781549548,1781562156,1781565549,1781567047,1781567227,1781567445,1781568305,1781568419,1781568507,1781568968,1781569154,1781569364,1781612267,1781613397,1781613523,1781652975,1781547440,1781562846,1781566835,1781567935,1781568185,1781568474,1781568606,1781569384,1781612864,1781615027,1781615081,1781615506,1781615555,1781615723,1781615900,1781567393,1781567986,1781568293,1781569252,1781569357,1781612279,1781613112,1781614600,1781615674,1781615721
1428030300	1781655883,1781616614,1781568252,1781568972,1781569347,1781613519,1781615611,1781615898,1781616104,1781616480,1781616596,1781656610,1781617624,1781548679,1781564553,1781567018,1781567951,1781568135,1781569340,1781613564,1781615024,1781616032,1781616287,1781616962,1781617115,1781617441,1781617568,1781660442,1781617577,1781566655,1781567733,1781568275,1781569334,1781569558,1781613644,1781614559,1781616304,1781617001,1781617083,1781617309,1781617335,1781617413,1781617464,1781617549,1781617558,1781565098,1781565908,1781568586,1781569192,1781610761,1781617923,1781618302,1781618491,1781619053,1781625890,1781568385,1781569104,1781569489,1781613398,1781615689,1781617104,1781617343,1781617860,1781618135,1781618256,1781618438,1781618534,1781619006,1781619060,1781619688,1781619711,1781624454
1428030600	1781569520,1781615038,1781615152,1781615451,1781616620,1781616859,1781618110,1781619072,1781625504,1781625946,1781626608,1781664599,1781613682,1781615076,1781617546,1781618168,1781618219,1781618947,1781619054,1781619678,1781619690,1781623260,1781624461,1781625717,1781626173,1781626772,1781627044,1781627989,1781628501,1781628771,1781628927,1781629100,1781629635,1781568040,1781617012,1781617437,1781618487,1781619002,1781619101,1781624107,1781625401,1781627460,1781666483,1781615468,1781617274,1781617534,1781619086,1781627269,1781628083,1781628311,1781628515,1781628637,1781628834,1781629173,1781629294,1781629374,1781629451,1781652503,1781669775,1781568057,1781616657,1781626043,1781629431
1428030900	1781668777,1781617593,1781627819,1781628239,1781628919,1781614695,1781615706,1781627196,1781627639,1781628416,1781628672,1781628864,1781629073,1781629477,1781653013,1781654693,1781654731,1781655638,1781655694,1781670957,1781618498,1781627617,1781629308,1781652118,1781655235,1781627445,1781652169,1781652409,1781654091,1781654624,1781654673,1781618193,1781626549,1781629333,1781654661,1781655749,1781656197,1781656349,1781656465,1781656753
1428031200	1781658034,1781617085,1781655830,1781656344,1781656686,1781656906,1781657016,1781657275,1781657448,1781657705,1781657882,1781658020,1781655436,1781655466,1781656449,1781657074,1781657321,1781657499,1781657524,1781679744,1781629053,1781656283,1781656720,1781657523,1781657890,1781658577,1781658822,1781658845,1781659073,1781659195,1781659444,1781681815,1781662082,1781652913,1781655606,1781656933,1781657502,1781658021,1781658600,1781658660,1781658710,1781658745,1781658947,1781659069,1781659210,1781659497,1781660670,1781662390,1781683037,1781652755,1781653582,1781655468,1781656851,1781657024,1781657264,1781657324,1781657407,1781658325,1781658861,1781659087,1781659201,1781660854,1781661354
1428031500	1781684290,1781655241,1781655431,1781655819,1781656620,1781657475,1781658644,1781658709,1781658981,1781659215,1781659704,1781660981,1781661324,1781663019,1781663374,1781687013,1781569393,1781657260,1781657711,1781658335,1781658708,1781659019,1781659724,1781663616,1781664800,1781665342,1781665506,1781665665,1781665821,1781667525,1781658701,1781658864,1781659074,1781659537,1781663459,1781663676,1781664061,1781664462,1781664981,1781666173,1781666360,1781666662,1781666891,1781666968,1781667120,1781667338,1781667748,1781657413,1781657716,1781659005,1781659509,1781659526,1781664312,1781665677,1781666557,1781666693,1781666867,1781667526,1781690826,1781658317,1781658791,1781665800,1781666692,1781667083,1781667494,1781667589,1781667597,1781667696,1781668818,1781669047,1781669268,1781669488
1428031800	1781668946,1781659269,1781664028,1781667035,1781667302,1781667501,1781667920,1781668075,1781668346,1781668773,1781668880,1781678188,1781658678,1781664395,1781666425,1781667274,1781667693,1781668394,1781668521,1781669007,1781669450,1781677979,1781693382,1781656693,1781657993,1781658737,1781659080,1781667481,1781668018,1781668341,1781668422,1781668508,1781668949,1781669063,1781669238,1781669266,1781672756,1781673375,1781675243,1781675954,1781676067,1781694055,1781658705,1781666211,1781667347,1781667433,1781667880,1781668315,1781668465,1781668910,1781669003,1781669420,1781669504,1781674847,1781675915,1781695509,1781659092,1781666715,1781667075,1781668020,1781668847,1781668939,1781677628,1781678333,1781678692,1781679086,1781679177
1428032100	1781695507,1781659180,1781667508,1781668017,1781668308,1781668953,1781669258,1781669447,1781674318,1781676454,1781678130,1781678872,1781680723,1781679632,1781664696,1781667081,1781668912,1781677569,1781677823,1781678198,1781679058,1781679231,1781702276,1781667737,1781668404,1781669052,1781676214,1781680780,1781681492,1781682393,1781683019,1781683201,1781701677,1781683639,1781668867,1781679454,1781681372,1781681606,1781681804,1781682717,1781685860,1781667849,1781679388,1781680641,1781681783,1781682371,1781682605,1781682965,1781684074,1781684823,1781685073,1781685096,1781685620
1428032400	1781705981,1781668490,1781668550,1781669001,1781681024,1781683861,1781684114,1781685016,1781685048,1781685432,1781685844,1781686240,1781686301,1781686607,1781686864,1781686992,1781686849,1781666929,1781667918,1781669471,1781678862,1781681207,1781682429,1781685037,1781685298,1781685316,1781685608,1781686323,1781686611,1781686691,1781687483,1781685443,1781685633,1781686031,1781686282,1781686622,1781686886,1781686942,1781687166,1781687433,1781709695,1781688647,1781683386,1781684103,1781686184,1781686535,1781686715,1781687424,1781687816,1781687969,1781688189,1781688325,1781688360,1781688463,1781688580,1781711977,1781678621,1781683405,1781685045,1781685930,1781686185,1781686909,1781687699,1781687911,1781688174,1781688473,1781688607,1781688977,1781689068,1781689345,1781689412,1781689570,1781691139,1781691666
1428032700	1781713268,1781683154,1781686066,1781686250,1781686578,1781686978,1781687219,1781687615,1781687697,1781688756,1781688965,1781689022,1781689033,1781689138,1781689196,1781689383,1781689456,1781691501,1781693344,1781713231,1781681271,1781684127,1781685410,1781687547,1781687940,1781688123,1781688254,1781688432,1781688512,1781688604,1781689127,1781689174,1781689380,1781689510,1781689542,1781690612,1781715669,1781693914,1781684936,1781685283,1781687540,1781687793,1781688163,1781688797,1781689115,1781689391,1781689431,1781689486,1781689621,1781689634,1781692237,1781693210,1781693423,1781687726,1781688334,1781689063,1781689180,1781689415,1781689652,1781692740,1781692978,1781694664,1781694848,1781695052,1781695153,1781696094,1781696115,1781696253,1781685619,1781687736,1781688341,1781689237,1781689327,1781692628,1781692737,1781694341,1781694510,1781694785,1781695044,1781695633,1781695897,1781696237,1781696401,1781696430,1781696813
1428033000	1781684813,1781688505,1781689150,1781689674,1781693650,1781695565,1781696169,1781696242,1781696786,1781697122,1781697532,1781697539,1781687408,1781689485,1781689616,1781691317,1781694513,1781694719,1781695315,1781696128,1781696238,1781696363,1781696400,1781696557,1781697113,1781697282,1781699564,1781684978,1781687148,1781694662,1781695017,1781695336,1781695567,1781696812,1781697908,1781698359,1781698378,1781698884,1781699048,1781699099,1781699229,1781699382,1781699511,1781723221,1781687965,1781689656,1781692602,1781695955,1781697691,1781698613,1781698899,1781725341,1781687633,1781688284,1781689149,1781692881,1781693376,1781694704,1781696734,1781696817,1781697097,1781697744,1781697876,1781698192,1781698358,1781698622,1781698845,1781699223,1781699374,1781699432,1781699568
1428033300	1781696191,1781696810,1781697730,1781698200,1781698419,1781699236,1781699293,1781699361,1781699537,1781727262,1781712374,1781697948,1781699039,1781699173,1781699479,1781706023,1781708650,1781709188,1781709610,1781711312,1781711833,1781728928,1781693669,1781695148,1781697109,1781698596,1781698869,1781699197,1781699477,1781699636,1781729366,1781696073,1781696757,1781698550,1781699514,1781711011,1781712038,1781713338,1781730837,1781699531
1428033600	1781731858,1781695527,1781697872,1781699362,1781711568,1781712590,1781717031,1781699482,1781709877,1781712145,1781713255,1781713648,1781714791,1781715316,1781715999,1781716247,1781716446,1781716741,1781716978,1781717484,1781736757,1781689204,1781698857,1781699572,1781709054,1781712757,1781714560,1781715076,1781715169,1781715746,1781716183,1781716254,1781716300,1781716441,1781716477,1781716739,1781716870,1781716928,1781716968,1781717037,1781717242,1781717379,1781698031,1781698424,1781709226,1781715087,1781715111,1781716131,1781716181,1781716355,1781716737,1781717081,1781717251,1781717372,1781717674,1781717738,1781717830,1781717924,1781739418,1781714128,1781714558,1781714955,1781715923,1781716013,1781716900,1781717442,1781717603,1781717639,1781717900,1781718123,1781718232,1781718368,1781719008,1781719040
1428033900	1781699483,1781716363,1781716620,1781717418,1781717562,1781717744,1781718122,1781718209,1781718382,1781718417,1781718578,1781719302,1781719561,1781742018,1781711205,1781715258,1781715964,1781716880,1781717258,1781717705,1781717853,1781717869,1781718160,1781718341,1781718638,1781718863,1781718926,1781719022,1781719301,1781719463,1781743352,1781716151,1781717062,1781717351,1781717904,1781718203,1781718796,1781718871,1781718888,1781719051,1781719264,1781719426,1781719614,1781745157,1781699467,1781715701,1781718183,1781719456,1781719562,1781722915,1781747134,1781717224,1781717592,1781717837,1781718272,1781718581,1781718800,1781719256,1781724284
1428034200	1781726544,1781712768,1781718381,1781722898,1781724860,1781725087,1781725777,1781728864,1781751210,1781714898,1781717546,1781718855,1781719005,1781719455,1781721648,1781724428,1781725259,1781725383,1781726001,1781726218,1781726654,1781727240,1781727334,1781727514,1781728225,1781728275,1781728370,1781728530,1781728569,1781728827,1781751929,1781718899,1781719608,1781723028,1781724206,1781726570,1781727550,1781727739,1781727829,1781728133,1781728274,1781728376,1781728525,1781728566,1781728880,1781715955,1781717272,1781719468,1781727540,1781727693,1781728120,1781728168,1781728295,1781728438,1781728633,1781728972,1781729266,1781729518,1781729696,1781753346,1781717097,1781717357,1781718109,1781726300,1781727328,1781727544,1781728421,1781728670,1781728849,1781729374,1781729532,1781729689
1428034500	1781753796,1781715961,1781725084,1781728318,1781728561,1781728824,1781728844,1781729221,1781729483,1781729705,1781755219,1781728500,1781728638,1781733871,1781736789,1781738406,1781738494,1781738585,1781738833,1781738959,1781739315,1781739386,1781739551,1781740707,1781740785,1781741126,1781755364,1781724241,1781726712,1781727733,1781734850,1781736906,1781738920,1781739221,1781739310,1781739355,1781739459,1781739625,1781756222,1781724392,1781728299,1781732508,1781734575,1781736173,1781737338,1781738340,1781740021,1781740408,1781741116,1781741322,1781727987,1781728964,1781737163,1781739192,1781739377,1781739491,1781741985,1781742093,1781742867,1781743099,1781743245,1781743298
1428034800	1781742933,1781757455,1781728898,1781737795,1781738049,1781740272,1781741300,1781741937,1781742812,1781742866,1781758004,1781737526,1781738510,1781738788,1781742257,1781742319,1781746876,1781762730,1781728221,1781736889,1781738324,1781739208,1781741881,1781742663,1781742877,1781744362,1781744463,1781744798,1781744850,1781745200,1781745961,1781746344,1781746449,1781746708,1781746752,1781746816,1781746872,1781765481,1781745926,1781743819,1781743958,1781744027,1781744164,1781745163,1781745398,1781745799,1781745920,1781766520,1781745703,1781728156,1781742448,1781742963,1781743395,1781744736,1781745003
1428035100	1781767852,1781746457,1781728816,1781742458,1781743731,1781745028,1781745414,1781746370,1781748446,1781768912,1781743267,1781743693,1781745424,1781745821,1781746361,1781746927,1781747129,1781747355,1781747627,1781747643,1781747667,1781747746,1781748212,1781748264,1781748302,1781748343,1781749499,1781770911,1781737854,1781743272,1781744501,1781744612,1781745409,1781746322,1781746733,1781746938,1781747133,1781747693,1781747910,1781747923,1781748215,1781748568,1781748616,1781748693,1781749031,1781749322,1781749343,1781749494,1781771582,1781741653,1781742311,1781742506,1781744802,1781745809,1781746270,1781747708,1781747968,1781748201,1781748383,1781748609,1781749075,1781749350,1781749525,1781749593,1781749621,1781749718,1781749731,1781751023,1781751438,1781753434,1781753823,1781744059,1781746809,1781747155,1781747610,1781747809,1781748234,1781748331,1781748368,1781748641,1781748676,1781748726,1781748972,1781749028,1781749040,1781749376,1781749384,1781749485,1781749629,1781751886,1781752662,1781752756
1428035400	1781779786,1781747260,1781748341,1781748381,1781748589,1781748629,1781748731,1781748766,1781748830,1781748985,1781749109,1781749377,1781749491,1781749624,1781749631,1781754699,1781746487,1781746744,1781747117,1781747623,1781748175,1781748349,1781748585,1781748838,1781748854,1781749134,1781749531,1781749602,1781754173,1781746364,1781746774,1781747226,1781747789,1781748263,1781748643,1781748727,1781748835,1781749358,1781749600,1781753196,1781754614,1781755508,1781756114,1781756706,1781756789,1781757073,1781757495,1781757828,1781781373,1781743313,1781748722,1781755359,1781756120,1781739668,1781743743,1781747281,1781748056,1781748777,1781749009,1781749595,1781754098,1781755745,1781755959,1781756151,1781756804,1781758842,1781758971,1781759548,1781759635,1781762889
1428035700	1781747161,1781748246,1781748529,1781749020,1781749548,1781754180,1781754333,1781754829,1781755455,1781756425,1781757535,1781757669,1781757834,1781758402,1781758876,1781759546,1781759639,1781784272,1781748271,1781748822,1781754243,1781754818,1781755953,1781757583,1781757994,1781758351,1781758657,1781758800,1781758936,1781759633,1781763649,1781768438,1781784544,1781745849,1781748577,1781749089,1781749543,1781757538,1781758411,1781758813,1781759080,1781759268,1781767958,1781770665,1781748687,1781757698,1781767985,1781768334,1781768482,1781768943,1781769220,1781769321,1781769499,1781769591,1781769606,1781770335,1781770376,1781749113,1781757434,1781758854,1781759314,1781764771
1428036000	1781786302,1781749137,1781763298,1781767423,1781768006,1781768681,1781770046,1781770758,1781772048,1781786750,1781756668,1781757480,1781757904,1781767976,1781770696,1781771986,1781787898,1781773928,1781748659,1781758948,1781768871,1781771118,1781771766,1781772026,1781772202,1781772879,1781773492,1781773555,1781788583,1781774754,1781759061,1781759270,1781770890,1781771363,1781771929,1781772856,1781773317,1781773464,1781773563,1781773631,1781773850,1781774250,1781774452,1781775171,1781788454,1781758626,1781767256,1781772149,1781773047,1781773343,1781773988,1781774128,1781774269,1781774287,1781774485,1781774630,1781774918,1781775042
1428036300	1781776140,1781758840,1781768537,1781770544,1781771049,1781771454,1781772642,1781773300,1781773552,1781773984,1781774583,1781774693,1781774925,1781775033,1781775189,1781775331,1781775461,1781775650,1781775866,1781775874,1781776016,1781776054,1781794608,1781748222,1781758859,1781768558,1781772274,1781773154,1781773606,1781773952,1781774486,1781774578,1781774724,1781774960,1781775048,1781775326,1781775417,1781775471,1781775562,1781775631,1781775863,1781775879,1781777322,1781796876,1781757137,1781773099,1781773158,1781773865,1781774501,1781774961,1781775023,1781775137,1781775213,1781775366,1781775495,1781775579,1781775590,1781776104,1781776194,1781776393,1781776461,1781776504,1781776664,1781776832,1781776882,1781776998,1781777142,1781777209,1781777568,1781773938,1781774627,1781775016,1781775055,1781775194,1781775343,1781775669,1781776199,1781776376,1781776434,1781776614,1781776761,1781776827,1781777338,1781777410,1781777424,1781777449,1781777452,1781777540,1781799190,1781774746,1781775067,1781775547,1781776079,1781776458,1781776953,1781777667,1781777884,1781778173,1781778221,1781778248,1781778327,1781778343,1781778384,1781778500,1781778542
1428036600	1781778606,1781800512,1781773367,1781774932,1781775114,1781775539,1781775612,1781775663,1781776084,1781776164,1781776604,1781776818,1781777179,1781777404,1781777687,1781777714,1781777767,1781777883,1781777990,1781778018,1781778065,1781778548,1781749641,1781773270,1781774256,1781774556,1781775577,1781775897,1781776193,1781776447,1781776635,1781776783,1781777140,1781777632,1781778014,1781778198,1781778370,1781778562,1781778731,1781778853,1781778916,1781779026,1781779085,1781779111,1781779302,1781779363,1781779377,1781779426,1781779556,1781779706,1781779652,1781803138,1781773567,1781774120,1781774295,1781774555,1781776233,1781776429,1781776487,1781776945,1781777159,1781777187,1781777582,1781777678,1781777725,1781777887,1781778017,1781778471,1781778581,1781778715,1781778734,1781778840,1781778845,1781778905,1781779006,1781779035,1781779106,1781779290,1781809738,1781777429,1781777574,1781777783,1781777989,1781778063,1781778227,1781778382,1781778633,1781778887,1781779326,1781779403,1781779509,1781779525,1781779664,1781783685,1781784533,1781785613,1781786161,1781786390,1781786737,1781809747,1781756744,1781775219,1781776064,1781776440,1781777007,1781777619,1781777683,1781777779,1781778048,1781778211,1781778744,1781778846,1781779027,1781779277,1781779318,1781779365,1781779562,1781779637,1781781184,1781785303,1781786247,1781787258,1781787386
1428036900	1781810113,1781771752,1781774167,1781774633,1781776215,1781776366,1781777332,1781777670,1781778536,1781778739,1781778931,1781779269,1781779410,1781779511,1781779551,1781779653,1781779692,1781811793,1781789457,1781774675,1781777431,1781778191,1781778503,1781778758,1781779289,1781785089,1781785460,1781785785,1781786301,1781788489,1781788632,1781789038,1781789285,1781789447,1781789461,1781777627,1781778839,1781779288,1781779673,1781779695,1781782822,1781785085,1781787925,1781788361,1781788450,1781788713,1781789030,1781789142,1781789420,1781771688,1781776639,1781778600,1781778810,1781779043,1781779091,1781786627,1781788400,1781789180,1781797578,1781798177,1781813527,1781778502,1781778983,1781779144,1781779561,1781785201,1781788121,1781789173,1781789435,1781789604
1428037200	1781813490,1781769292,1781779330,1781787410,1781788130,1781788379,1781788626,1781789264,1781789506,1781789631,1781789716,1781777405,1781777649,1781779392,1781788421,1781789396,1781799261,1781778588,1781779655,1781788349,1781789627,1781797334,1781798085,1781815725,1781774479,1781775561,1781778615,1781779647,1781788731,1781789616,1781800116,1781801459,1781801509,1781801732,1781801829,1781801987,1781802444,1781802489,1781816948,1781803606,1781788866,1781789585,1781798242,1781799479,1781800618,1781802272,1781802494,1781802941,1781803078,1781803120,1781803319,1781803484,1781803528
1428037500	1781816992,1781779701,1781789598,1781797462,1781799119,1781799426,1781800069,1781800551,1781801033,1781801108,1781801325,1781801329,1781802721,1781802927,1781802969,1781803199,1781803282,1781803347,1781803470,1781779518,1781788857,1781789431,1781797769,1781798472,1781801359,1781801591,1781802061,1781802438,1781803159,1781803281,1781803457,1781803533,1781803614,1781803701,1781804183,1781804244,1781804337,1781804600,1781804691,1781804716,1781804916,1781804925,1781819225,1781789658,1781801016,1781801933,1781802626,1781803086,1781803117,1781803204,1781803298,1781803393,1781803598,1781803926,1781804137,1781804265,1781804375,1781804799,1781805028,1781805228,1781805266,1781805685,1781805836,1781805937,1781805607,1781778233,1781803108,1781803348,1781803936,1781804318,1781804425,1781804558,1781804630,1781804702,1781804819,1781804854,1781804907,1781805212,1781805472,1781801849,1781802159,1781802935,1781803028,1781803450,1781804580,1781804616,1781804620,1781804714,1781804730,1781804911,1781805234,1781805659,1781805776,1781805830,1781805875,1781805945,1781806030
1428037800	1781807196,1781826649,1781788071,1781801919,1781803264,1781803916,1781804357,1781804557,1781804729,1781804832,1781804857,1781805020,1781805085,1781805439,1781805558,1781805771,1781805784,1781806002,1781806287,1781806309,1781806358,1781806488,1781806621,1781806703,1781806715,1781806872,1781807065,1781807124,1781827899,1781802310,1781803835,1781804568,1781804825,1781804958,1781805210,1781805339,1781805549,1781805615,1781805676,1781805687,1781805769,1781805902,1781806208,1781806411,1781806463,1781806623,1781806873,1781807253,1781807394,1781807543,1781807693,1781807712,1781807786,1781807895,1781828453,1781779279,1781797757,1781803287,1781804338,1781804913,1781805808,1781806165,1781806369,1781806514,1781806646,1781806737,1781807105,1781807284,1781807397,1781807541,1781807663,1781807701,1781807785,1781807925,1781808010,1781808046,1781830466,1781809264,1781801250,1781803149,1781803796,1781804141,1781804440,1781804611,1781805273,1781806212,1781806460,1781806533,1781807000,1781807218,1781807277,1781807528,1781807549,1781807811,1781807934,1781808029,1781808051,1781808274,1781808382,1781808545,1781808598,1781808635,1781808730,1781808859,1781809057,1781809080,1781809214,1781809236,1781808759,1781830796,1781804953,1781805443,1781805667,1781806313,1781806394,1781806528,1781806642,1781806852,1781807107,1781807267,1781807406,1781807533,1781807695,1781807784,1781808030,1781808268,1781808393,1781808476,1781808522,1781808619,1781808629,1781808748
1428038100	1781832650,1781788085,1781803321,1781804736,1781805042,1781806301,1781806487,1781806850,1781807069,1781807256,1781807510,1781807542,1781807932,1781808154,1781808302,1781808333,1781808470,1781808616,1781808630,1781808717,1781808940,1781809077,1781809098,1781809257,1781809393,1781809420,1781809473,1781809516,1781809606,1781809639,1781809651,1781809724,1781801968,1781803344,1781804943,1781805311,1781806375,1781807221,1781807526,1781808875,1781808917,1781809254,1781809524,1781817103,1781836195,1781804114,1781804846,1781805281,1781806476,1781807063,1781807787,1781808294,1781808386,1781808754,1781809255,1781809381,1781809599,1781809711,1781813851,1781814614,1781815287,1781816119,1781839931,1781806756,1781807848,1781808214,1781808372,1781809277,1781809507,1781815712,1781816515,1781816610,1781817196,1781817356,1781801353,1781807930,1781808179,1781808371,1781808765,1781809376
1428038400	1781842102,1781806724,1781807518,1781808489,1781808918,1781815858,1781816637,1781816765,1781817077,1781817190,1781817363,1781817857,1781818207,1781818811,1781819009,1781819133,1781819240,1781819403,1781803730,1781806378,1781806766,1781807675,1781807887,1781809513,1781815415,1781815523,1781817344,1781818131,1781818395,1781818461,1781818818,1781819160,1781819404,1781842895,1781807212,1781808047,1781808403,1781809262,1781809415,1781817622,1781818134,1781818662,1781818685,1781818994,1781819105,1781819718,1781821644,1781843080,1781806835,1781807883,1781808871,1781809101,1781809246,1781809486,1781818362,1781819173,1781823713,1781844542,1781807316,1781808600,1781808881,1781818379,1781818565
1428038700	1781844375,1781815953,1781826817,1781828567,1781828731,1781829074,1781844983,1781831345,1781805942,1781807281,1781817581,1781825667,1781827775,1781829089,1781830965,1781831164,1781844993,1781809097,1781809723,1781818007,1781819117,1781826052,1781828095,1781846950,1781833928,1781805450,1781809259,1781818081,1781818189,1781830294,1781830920,1781831503,1781832059,1781832531,1781832883,1781832920,1781833438,1781833629,1781833922,1781832597,1781831059,1781831985
1428039000	1781847605,1781828144,1781828408,1781829974,1781831736,1781832577,1781832882,1781833296,1781833785,1781833851,1781834187,1781834244,1781834248,1781834262,1781834406,1781848863,1781834672,1781818113,1781830214,1781833258,1781833456,1781833857,1781833963,1781834156,1781834255,1781834348,1781834363,1781834503,1781834510,1781835691,1781828972,1781830894,1781831981,1781832086,1781833135,1781833893,1781834153,1781834188,1781834243,1781834410,1781834496,1781834550,1781834667,1781834969,1781835001,1781835268,1781835371,1781835588,1781807931,1781827664,1781832399,1781833447,1781833707,1781834528,1781834874,1781835117,1781835297,1781835356,1781835475,1781835740,1781835857,1781835865,1781835886,1781835948,1781835982,1781836475,1781836506,1781836616,1781836633,1781836858,1781836918,1781836971,1781852524,1781817247,1781819369,1781832319,1781832646,1781832917,1781833582,1781834393,1781834432,1781834918,1781835027,1781835523,1781835622,1781835742,1781835952,1781836410,1781836476,1781836483,1781836638,1781836651,1781836750,1781836790,1781836880
1428039300	1781856431,1781838072,1781830793,1781832346,1781833295,1781834240,1781834764,1781835263,1781835458,1781835962,1781836092,1781836349,1781836718,1781836865,1781836870,1781837197,1781837342,1781837372,1781837409,1781837448,1781837547,1781837653,1781837752,1781838026,1781838768,1781857304,1781833036,1781835238,1781835481,1781835714,1781836087,1781836511,1781836592,1781836608,1781836617,1781836832,1781837196,1781837344,1781837578,1781837798,1781838006,1781838061,1781838091,1781838278,1781838392,1781838491,1781838513,1781838538,1781838599,1781838621,1781838676,1781838749,1781857726,1781831422,1781833880,1781834629,1781835301,1781835624,1781836387,1781836518,1781836836,1781837289,1781837426,1781837622,1781837776,1781839628,1781859576,1781835639,1781836721,1781836875,1781836936,1781836988,1781837307,1781837577,1781837854,1781837890,1781837973,1781838015,1781838282,1781838401,1781838406,1781838520,1781838569,1781838627,1781838687,1781838750,1781838764,1781838985,1781839116,1781839247,1781839381,1781839439,1781839556,1781839604,1781839274,1781833953,1781835934,1781836590,1781836649,1781836844,1781837398,1781837649,1781837722,1781838116,1781838272,1781838364,1781838377,1781838494,1781838626,1781838656,1781838703,1781838744,1781838770,1781838800,1781839023,1781839158,1781839173
1428039600	1781861540,1781830653,1781835108,1781835860,1781836139,1781837193,1781837301,1781837399,1781837696,1781837979,1781837992,1781838074,1781838114,1781838264,1781838493,1781838574,1781838779,1781838874,1781839156,1781839336,1781839436,1781839548,1781839641,1781839734,1781842123,1781863401,1781835966,1781836393,1781836761,1781837528,1781837646,1781837669,1781837678,1781837770,1781838065,1781838291,1781838591,1781838608,1781838675,1781838741,1781838802,1781838884,1781839021,1781839233,1781839441,1781839573,1781842128,1781843169,1781844097,1781845071,1781845345,1781863264,1781846783,1781833610,1781835495,1781835693,1781835971,1781836138,1781836490,1781836762,1781837579,1781837627,1781837728,1781837775,1781837867,1781838089,1781838532,1781838661,1781839165,1781839344,1781839383,1781839464,1781839632,1781845092,1781845758,1781864521,1781848108,1781835367,1781836983,1781838267,1781838854,1781839000,1781839137,1781839357,1781839453,1781839460,1781842230,1781845785,1781846172,1781846337,1781846391,1781847046,1781847162,1781847407,1781847629,1781847889,1781865054,1781848317,1781835462,1781835944,1781836525,1781837991,1781838482,1781838571,1781838883,1781839163,1781839444,1781839635,1781845344,1781845568,1781846198,1781847049,1781847153
1428039900	1781848930,1781866330,1781835597,1781836156,1781837743,1781837866,1781837879,1781838587,1781839020,1781839474,1781839670,1781844077,1781845195,1781846732,1781847333,1781848346,1781838250,1781838345,1781838786,1781839323,1781847447,1781848445,1781848987,1781849188,1781849286,1781849406,1781849531,1781849650,1781837165,1781837782,1781838685,1781838714,1781839283,1781841199,1781844798,1781847572,1781848251,1781848952,1781849004,1781849447,1781849540,1781849626,1781849666,1781835924,1781836514,1781838623,1781839340,1781845220,1781848900,1781849384,1781872207,1781859469,1781839624,1781845239,1781848415,1781849189,1781849332,1781849403,1781857545,1781858496,1781858659,1781858687,1781859011
1428040200	1781839142,1781839443,1781846794,1781849442,1781849661,1781855286,1781856397,1781858048,1781859420,1781859585,1781860707,1781861008,1781861182,1781861324,1781861532,1781873358,1781848844,1781848933,1781849392,1781858208,1781858314,1781873651,1781855383,1781858387,1781858806,1781859103,1781874364,1781838088,1781847747,1781848921,1781857843,1781858489,1781859574,1781862877,1781863162,1781863478,1781863634,1781863742,1781863833,1781864072,1781864151,1781864202,1781864249,1781875292,1781858594,1781862237,1781862738,1781862985,1781863382,1781863823,1781863837
1428040500	1781839352,1781859739,1781861385,1781862122,1781862615,1781862719,1781863266,1781863638,1781863974,1781864116,1781864229,1781864304,1781864474,1781864803,1781864986,1781865091,1781865203,1781876175,1781865481,1781843305,1781859296,1781859416,1781861624,1781862248,1781863435,1781863632,1781863711,1781864295,1781864462,1781864582,1781864894,1781865285,1781865462,1781865530,1781857948,1781858191,1781861937,1781862882,1781864472,1781864509,1781864700,1781864914,1781864997,1781865288,1781879425,1781846208,1781858920,1781859689,1781862959,1781863718,1781863893,1781864043,1781864438,1781864513,1781864607,1781864786,1781865230,1781865525,1781866421,1781866675,1781868599,1781881614,1781860220,1781864307,1781865961,1781865994,1781866358,1781866581,1781866591,1781866594,1781866661,1781866744,1781866923,1781867353,1781867478,1781867556,1781867623,1781867654,1781867756,1781867864,1781867888,1781868148,1781868354,1781868368,1781868515
1428040800	1781838609,1781847902,1781856754,1781861523,1781864179,1781864779,1781865479,1781866338,1781866791,1781866905,1781867002,1781867268,1781867378,1781867461,1781867639,1781867656,1781867737,1781867752,1781867868,1781867892,1781868160,1781868210,1781868228,1781868246,1781868345,1781868375,1781868942,1781862730,1781864917,1781865267,1781866805,1781866913,1781867044,1781867050,1781867082,1781867130,1781867746,1781867883,1781868207,1781868379,1781868492,1781868518,1781868572,1781868679,1781868713,1781868741,1781868844,1781886757,1781862927,1781863293,1781863743,1781863984,1781865197,1781866236,1781866452,1781866790,1781866999,1781867544,1781867662,1781867764,1781867926,1781868165,1781868248,1781868337,1781868370,1781868493,1781868579,1781868604,1781868682,1781868726,1781868841,1781868865,1781868878,1781868969,1781869017,1781869038,1781869317,1781869350,1781863635,1781864501,1781864792,1781864990,1781866226,1781866706,1781866977,1781867083,1781867341,1781867558,1781867741,1781868186,1781868573,1781868608,1781868738,1781868988,1781869173,1781869204,1781886629,1781864085,1781864303,1781864645,1781866407,1781868156,1781868208,1781868351,1781868391,1781868635,1781868710,1781868927,1781868960,1781869163,1781869352,1781869580,1781869642,1781869717
1428041100	1781866209,1781867156,1781867582,1781867896,1781868145,1781868221,1781868630,1781868877,1781868961,1781869205,1781869558,1781869624,1781873344,1781889320,1781863504,1781866412,1781866682,1781866897,1781867669,1781868150,1781868199,1781868497,1781868639,1781868658,1781868990,1781869026,1781869154,1781869516,1781869601,1781869678,1781869728,1781872060,1781873028,1781873824,1781874471,1781874654,1781874847,1781875443,1781864698,1781866922,1781868172,1781868537,1781868833,1781869024,1781869182,1781869686,1781873040,1781874149,1781874662,1781874789,1781874944,1781874994,1781875434,1781891851,1781867158,1781867363,1781867858,1781868154,1781868204,1781868387,1781868724,1781868973,1781869702,1781873362,1781874169,1781874631,1781874797,1781874872,1781892026,1781875240,1781865688,1781868341,1781868829,1781869559,1781874787
1428041400	1781894182,1781866586,1781868756,1781874737,1781876075,1781876217,1781876624,1781876697,1781877145,1781894774,1781877395,1781867032,1781868750,1781868997,1781869004,1781874070,1781874264,1781874655,1781876115,1781876563,1781876664,1781876979,1781877009,1781877078,1781877175,1781877274,1781877978,1781900102,1781864042,1781868722,1781868966,1781869574,1781873709,1781875289,1781876272,1781877013,1781877153,1781877369,1781877445,1781877646,1781877705,1781877888,1781877974,1781900100,1781879176,1781864710,1781867447,1781869616,1781874743,1781874962,1781876536,1781877064,1781877276,1781877341,1781877559,1781877842,1781878120,1781878162,1781878184,1781878242,1781878651,1781878819,1781879116,1781879156,1781878360,1781901394,1781867085,1781869525,1781875738,1781876455,1781877058,1781877985,1781878077,1781878160,1781878340
1428041700	1781901855,1781883816,1781868247,1781869557,1781869695,1781875321,1781877769,1781877887,1781877994,1781878124,1781878361,1781878607,1781878935,1781879180,1781879263,1781879688,1781900508,1781877973,1781878050,1781878250,1781878696,1781879142,1781879470,1781879576,1781879699,1781902981,1781890125,1781868930,1781869354,1781874376,1781875424,1781876261,1781877567,1781877814,1781877866,1781878080,1781878814,1781878912,1781879185,1781879531,1781887868,1781889014,1781889380,1781890044,1781902685,1781869508,1781875316,1781877655,1781879448,1781889183,1781889387,1781889605,1781889715,1781889947,1781904337,1781876304,1781877569,1781877873,1781877912,1781878342,1781879437,1781889446,1781889581,1781891859,1781891906,1781892002,1781892193,1781892557,1781892717,1781892805,1781892943
1428042000	1781876284,1781879152,1781879556,1781879698,1781888408,1781889560,1781891602,1781904057,1781877168,1781879431,1781887743,1781888455,1781889442,1781889578,1781894357,1781905265,1781878644,1781878794,1781879280,1781888182,1781891676,1781892429,1781892644,1781893047,1781893302,1781893405,1781893805,1781893988,1781894030,1781894168,1781894282,1781905254,1781878776,1781892866,1781893068,1781893321,1781894986,1781906176,1781889287,1781891642,1781892556,1781893279,1781893790,1781893894,1781894308,1781894513,1781894633,1781894734
1428042300	1781876626,1781891880,1781892204,1781892651,1781894595,1781894824,1781895001,1781907369,1781896358,1781889078,1781889225,1781891393,1781893834,1781894518,1781894614,1781894785,1781895037,1781895112,1781895407,1781895536,1781895716,1781895797,1781895884,1781896005,1781896192,1781896231,1781896303,1781896871,1781893294,1781894330,1781895110,1781895157,1781895238,1781895375,1781895393,1781895560,1781895694,1781895710,1781895809,1781895859,1781895908,1781896122,1781896219,1781896319,1781896517,1781896739,1781896749,1781896693,1781908512,1781889199,1781893074,1781893724,1781894062,1781894278,1781894637,1781894945,1781895205,1781895230,1781895409,1781895528,1781895794,1781895872,1781895915,1781895977,1781896311,1781909033,1781892727,1781893952,1781894347,1781894731,1781894978,1781895700,1781896015,1781896193,1781896320,1781896402,1781896415,1781896480,1781896662,1781896732,1781896831,1781897050,1781897217,1781897221,1781897277,1781897312
1428042600	1781897911,1781894909,1781895243,1781895378,1781895866,1781895981,1781896104,1781896389,1781896787,1781896985,1781897055,1781897136,1781897202,1781897296,1781897424,1781897692,1781897766,1781897831,1781897901,1781897989,1781912074,1781894012,1781895044,1781895408,1781895549,1781895708,1781895828,1781895876,1781895941,1781896181,1781896675,1781897094,1781897181,1781897286,1781897410,1781897570,1781897613,1781897662,1781897686,1781915192,1781894061,1781895151,1781895231,1781895513,1781895552,1781895704,1781895934,1781896366,1781896759,1781896964,1781897162,1781897419,1781897671,1781897890,1781898139,1781898331,1781898481,1781898656,1781898836,1781898857,1781868855,1781895015,1781895557,1781896792,1781896818,1781897056,1781897142,1781897603,1781897893,1781897993,1781898083,1781898146,1781898153,1781898447,1781898480,1781898759,1781898775,1781898847,1781898850,1781894751,1781896677,1781896679,1781896784,1781896982,1781897069,1781897203,1781897278,1781897640,1781897718,1781897905,1781898147,1781898483,1781898649,1781898673,1781898749,1781898771
1428042900	1781918119,1781896824,1781896969,1781897137,1781897657,1781897794,1781897995,1781898079,1781898126,1781898498,1781898839,1781898855,1781898973,1781899008,1781899081,1781899185,1781899274,1781899339,1781899452,1781899554,1781902316,1781904068,1781918348,1781896720,1781898112,1781898448,1781898504,1781898856,1781898959,1781898964,1781899010,1781899057,1781899168,1781899270,1781899324,1781899357,1781899439,1781899479,1781899556,1781899675,1781899729,1781901893,1781903702,1781920402,1781893832,1781894927,1781896136,1781897259,1781897609,1781897984,1781898580,1781898648,1781898669,1781898756,1781899033,1781899443,1781899483,1781899527,1781899657,1781902960,1781905603,1781906342,1781920847,1781895817,1781896785,1781897268,1781897981,1781898010,1781898590,1781898869,1781899469,1781899504,1781899680,1781899732,1781921441,1781895043,1781896295,1781896810,1781897156,1781897898,1781898452,1781898546,1781898752,1781898831,1781898979,1781899087,1781899183,1781899284,1781899308,1781899689,1781904157,1781905848,1781906882,1781906908,1781907240,1781907448
1428043200	1781922054,1781896888,1781897463,1781898495,1781898960,1781899256,1781899526,1781899688,1781899728,1781902314,1781904422,1781904878,1781906915,1781906978,1781907273,1781907444,1781907789,1781907442,1781923168,1781898365,1781898550,1781899558,1781907261,1781924424,1781897133,1781897493,1781897862,1781898768,1781899351,1781899682,1781906890,1781907395,1781907702,1781907733,1781908001,1781908917,1781909036,1781909245,1781909372,1781909528,1781909620,1781929870,1781898545,1781898851,1781899013,1781899454,1781906346,1781907440,1781909066,1781909383,1781909451,1781909508,1781897423,1781899163,1781905605,1781907288,1781907745,1781907969,1781908930,1781908987
1428043500	1781915282,1781899685,1781906669,1781908574,1781908920,1781909412,1781909464,1781909506,1781913213,1781932013,1781895987,1781898087,1781899278,1781899320,1781908886,1781909018,1781909323,1781909428,1781909437,1781909706,1781916135,1781917291,1781933303,1781897299,1781898593,1781909501,1781909618,1781915988,1781918187,1781918344,1781918430,1781918438,1781918588,1781918777,1781918892,1781909331,1781918971,1781919079,1781933812,1781897935,1781908981,1781918453,1781918743,1781918834,1781918973
1428043800	1781933938,1781919519,1781899508,1781914489,1781917473,1781917955,1781918107,1781918572,1781919043,1781919269,1781934707,1781898333,1781918197,1781918334,1781919149,1781919327,1781919426,1781919520,1781919658,1781920563,1781922207,1781935139,1781916940,1781918101,1781918549,1781918687,1781919078,1781919496,1781920595,1781921717,1781921986,1781899734,1781908164,1781917489,1781918423,1781918698,1781918896,1781919329,1781919668,1781921016,1781921594,1781921980,1781922038,1781922475,1781922783,1781922847,1781923476,1781924268,1781935988,1781917515,1781918196,1781919069,1781921369,1781922383,1781922536,1781922945,1781923387,1781923431,1781923451,1781923672,1781923762,1781924074,1781924164,1781924250
1428044100	1781936267,1781917922,1781918362,1781918987,1781919507,1781922292,1781922526,1781922600,1781923055,1781923154,1781923246,1781937395,1781923254,1781923351,1781923602,1781923644,1781924067,1781924169,1781924254,1781924280,1781924439,1781924725,1781924853,1781925031,1781925223,1781925257,1781925299,1781925355,1781925408,1781925440,1781925686,1781921960,1781922379,1781923228,1781923445,1781923718,1781924055,1781924140,1781924283,1781924645,1781924654,1781924816,1781924984,1781925094,1781925207,1781925368,1781925522,1781925681,1781925354,1781936917,1781920626,1781923266,1781923350,1781923860,1781924180,1781924546,1781924567,1781924706,1781924803,1781924979,1781925097,1781925343,1781937530,1781902765,1781917662,1781918854,1781919600,1781923730,1781924811,1781924959,1781925017,1781925034,1781925075,1781925193,1781925264,1781925288,1781925551
1428044400	1781937785,1781922342,1781922696,1781922781,1781923662,1781924290,1781924726,1781925055,1781925105,1781925259,1781925396,1781925541,1781925688,1781925933,1781926072,1781926094,1781926147,1781926767,1781919596,1781923150,1781923590,1781925888,1781925918,1781926092,1781926115,1781926368,1781926414,1781926509,1781926603,1781926675,1781926394,1781938476,1781921272,1781922822,1781924648,1781924936,1781925281,1781925523,1781925543,1781925693,1781925870,1781925943,1781926050,1781926152,1781926353,1781926242,1781938546,1781922749,1781924240,1781924849,1781925108,1781925336,1781925366,1781925427,1781925804,1781925939,1781926061,1781926170,1781926231,1781927904,1781925832,1781926316,1781926372,1781926621,1781926792,1781926919,1781927119,1781927259,1781927264,1781927369,1781927414,1781927525,1781927589,1781927665,1781927723,1781927892
1428044700	1781943041,1781928263,1781923584,1781926109,1781926425,1781926513,1781926774,1781926901,1781927172,1781927261,1781927277,1781927286,1781927391,1781927408,1781927612,1781927659,1781927745,1781927795,1781927843,1781927900,1781928005,1781928046,1781928059,1781928142,1781928176,1781928236,1781943813,1781928564,1781923723,1781924943,1781925856,1781925940,1781926088,1781926183,1781926498,1781926533,1781926689,1781926898,1781927074,1781927276,1781927368,1781927576,1781927735,1781927753,1781927821,1781927828,1781927918,1781927986,1781928004,1781928011,1781928079,1781928227,1781928422,1781928552,1781945805,1781929548,1781924442,1781925345,1781925873,1781926123,1781926529,1781926591,1781926756,1781926805,1781927258,1781927404,1781927602,1781927694,1781927746,1781927911,1781927995,1781928140,1781928314,1781928374,1781928501,1781928546,1781928563,1781928669,1781928718,1781928791,1781928912,1781929001,1781929153,1781929286,1781929519,1781929284,1781946381,1781925267,1781926168,1781926602,1781926708,1781927164,1781927373,1781927472,1781927521,1781927608,1781927872,1781927903,1781928050,1781928157,1781928460,1781928497,1781928621,1781928814,1781928872,1781928883,1781929056,1781929068,1781946915,1781923487,1781924644,1781925682,1781926811,1781927262,1781927598,1781927681,1781927730,1781927983,1781927997,1781928075,1781928262,1781928377,1781928392,1781928486,1781928500,1781928535,1781928719,1781928742
1428045000	1781929330,1781947746,1781926131,1781926287,1781926680,1781927153,1781927673,1781927732,1781927889,1781927982,1781928056,1781928136,1781928301,1781928384,1781928450,1781928476,1781928570,1781928709,1781928882,1781928973,1781928976,1781928993,1781929078,1781929141,1781929272,1781929288,1781929312,1781949019,1781925910,1781926221,1781926922,1781927401,1781927928,1781928290,1781928307,1781928801,1781929003,1781929081,1781929148,1781929164,1781929311,1781929535,1781929589,1781929656,1781929690,1781924245,1781926518,1781927502,1781927827,1781928055,1781928459,1781928499,1781928654,1781928662,1781928893,1781929067,1781929163,1781929282,1781929339,1781929439,1781929542,1781929673,1781926778,1781927914,1781928721,1781928796,1781928980,1781929051,1781929291,1781929446,1781929692,1781951254,1781926804,1781927288,1781928466,1781928724,1781928735,1781928892,1781929380,1781929420,1781929451,1781929564,1781938529
1428045300	1781951477,1781927610,1781928415,1781928722,1781928881,1781929426,1781929437,1781929639,1781936804,1781937001,1781952111,1781927596,1781927905,1781928972,1781929307,1781929364,1781929538,1781929570,1781936807,1781938741,1781939544,1781953208,1781926160,1781927086,1781927978,1781929074,1781929368,1781929568,1781936920,1781938483,1781938544,1781939163,1781939231,1781939262,1781939343,1781939445,1781941729,1781922719,1781927920,1781929295,1781929590,1781938191,1781939222,1781939412,1781939649,1781953705,1781928540,1781929586,1781929643,1781938807
1428045600	1781954347,1781928792,1781938540,1781939233,1781939570,1781955254,1781947247,1781928019,1781928868,1781938665,1781939283,1781939700,1781956153,1781939189,1781945801,1781947764,1781927988,1781928909,1781945798,1781946752,1781947112,1781947709
1428045900	1781938904,1781946308,1781947115,1781947320,1781948322,1781948593,1781948874,1781949624,1781950106,1781962393,1781929052,1781948568,1781948959,1781949528,1781949553,1781949631,1781949660,1781949688,1781962883,1781926807,1781948711,1781948968,1781949507,1781949560,1781949644,1781951295,1781947932,1781948716,1781949118,1781949384,1781949400,1781949533,1781949550,1781949559,1781949723,1781963534,1781945671,1781947118,1781947987,1781949465,1781949649,1781951633
1428046200	1781953921,1781963790,1781949377,1781952352,1781952706,1781952782,1781953293,1781953420,1781953586,1781953788,1781953830,1781964357,1781927657,1781947686,1781949677,1781952555,1781952872,1781953359,1781953432,1781964579,1781954384,1781951400,1781952375,1781952772,1781953353,1781953588,1781953833,1781954093,1781954117,1781954340,1781964835,1781947179,1781949700,1781951770,1781952347,1781952560,1781953638,1781953835,1781965706,1781955231,1781949109,1781953290,1781953389,1781954028,1781954128,1781954341,1781954451,1781954692,1781954819,1781955116,1781955156,1781955183
1428046500	1781965637,1781952496,1781953347,1781953703,1781954148,1781954331,1781954397,1781954645,1781955113,1781955142,1781955255,1781947277,1781950707,1781953231,1781953386,1781953495,1781954241,1781954390,1781954547,1781954651,1781954829,1781955224,1781955391,1781955708,1781966602,1781952216,1781954833,1781955038,1781955191,1781955440,1781955557,1781955601,1781956004,1781956039,1781956086,1781956229,1781956282,1781956611,1781956623,1781956681,1781952621,1781952702,1781954099,1781954530,1781954882,1781955363,1781955558,1781955704,1781955740,1781955823,1781956005,1781956277,1781956284,1781956331,1781956402,1781966596,1781956615,1781948144,1781954937,1781955416,1781955818,1781955975,1781956038,1781956150,1781956216,1781956316,1781956529,1781956598
1428046800	1781955242,1781955592,1781955725,1781955830,1781956156,1781956223,1781956323,1781956385,1781956523,1781956670,1781956815,1781956847,1781956912,1781956955,1781956978,1781957121,1781957146,1781957209,1781957457,1781958013,1781955100,1781956267,1781956553,1781956841,1781957034,1781957089,1781957159,1781957339,1781957392,1781957505,1781957836,1781957990,1781958199,1781955213,1781955776,1781956016,1781956241,1781956320,1781956634,1781956762,1781957382,1781957438,1781957483,1781957539,1781958001,1781958147,1781955577,1781955646,1781955754,1781956319,1781956669,1781956751,1781956845,1781957162,1781957571,1781957580,1781957843,1781957933,1781958138,1781954406,1781955299,1781956592,1781956901,1781957041,1781957269,1781957363,1781957514,1781957583
1428047100	1781959333,1781953732,1781955672,1781956540,1781956736,1781957195,1781957258,1781957535,1781957851,1781957977,1781958184,1781958231,1781958292,1781958345,1781958395,1781958607,1781958614,1781958693,1781958796,1781959022,1781959146,1781959156,1781959205,1781959252,1781959259,1781959282,1781959468,1781956993,1781957516,1781957736,1781958195,1781958430,1781958464,1781958594,1781958621,1781958697,1781958995,1781959008,1781959225,1781959460,1781974216,1781957170,1781957235,1781957437,1781957992,1781958183,1781958263,1781958290,1781958458,1781958593,1781958788,1781959009,1781959098,1781959142,1781959207,1781959264,1781959441,1781956198,1781957371,1781957576,1781957839,1781957856,1781957928,1781958456,1781958599,1781958896,1781958934,1781959143,1781959204,1781959220,1781959353,1781959418,1781958007,1781958246,1781958375,1781958622,1781958781,1781958921,1781959138,1781959552,1781959571,1781959625,1781963930
1428047400	1781956408,1781957203,1781957435,1781958236,1781958474,1781958631,1781958698,1781958707,1781959006,1781977021,1781956235,1781958235,1781958357,1781958503,1781958797,1781959330,1781959488,1781959586,1781977007,1781966426,1781954691,1781957202,1781957453,1781958346,1781959110,1781959410,1781959574,1781966287,1781966399,1781977903,1781967494,1781957142,1781957536,1781958227,1781958408,1781958869,1781959223,1781959398,1781959511,1781966525,1781966891,1781967200,1781967223,1781967305,1781967428,1781967929,1781958708,1781959115,1781959326,1781966377,1781966633,1781966947,1781967199,1781967481,1781967616,1781967672,1781967711,1781967802
1428047700	1781956743,1781957922,1781959095,1781959514,1781959630,1781961331,1781966906,1781967101,1781967130,1781979557,1781967753,1781958300,1781959215,1781959448,1781966517,1781967340,1781967503,1781967626,1781958356,1781965569,1781967171,1781967319,1781967335,1781967745,1781968004,1781969193,1781958947,1781959491,1781964749,1781965710,1781967678,1781967979,1781968245,1781968308,1781968482,1781968827,1781968843,1781968964,1781968980,1781969056,1781969149,1781981791,1781959000,1781959278,1781965422,1781965897,1781967719
1428048000	1781981981,1781959097,1781966373,1781967924,1781968643,1781969076,1781969135,1781969200,1781983650,1781958369,1781966928,1781967818,1781968271,1781968472,1781968680,1781968963,1781969066,1781969186,1781969421,1781969512,1781969726,1781976084,1781983319,1781967162,1781967910,1781968005,1781968844,1781969002,1781969065,1781969243,1781969335,1781969377,1781969723,1781975539,1781969730,1781966581,1781967594,1781968264,1781968408,1781968569,1781968945,1781968999,1781969087,1781969229,1781969715,1781983589,1781966265,1781967467,1781967636,1781969238,1781969259
1428048300	1781984737,1781959733,1781967739,1781969148,1781969337,1781969604,1781977167,1781977385,1781977675,1781959637,1781967466,1781967999,1781969134,1781969177,1781969228,1781976738,1781976964,1781990028,1781968915,1781969399,1781977487,1781978265,1781978452,1781978515,1781991222,1781969136,1781969157,1781976195,1781977823,1781978086,1781978514,1781978989,1781979157,1781969533,1781978988,1781979094,1781979142,1781979371,1781979424
1428048600	1781959254,1781969520,1781978713,1781978851,1781979107,1781979205,1781979261,1781979463,1781992239,1781969351,1781969689,1781978345,1781978721,1781979088,1781979140,1781979536,1781992496,1781977013,1781979108,1781979200,1781979404,1781992982,1781982849,1781969378,1781978637,1781981794,1781977816,1781979347,1781982781
1428048900	1781977904,1781978844,1781978959,1781979145,1781993589,1781977464,1781979466,1781982626,1781982794,1781982869,1781983016,1781983332,1781983444,1781983853,1781984270,1781984392,1781984643,1781994262,1781985654,1781983720,1781983960,1781984621,1781984760,1781984771,1781985066,1781985124,1781985551,1781985602,1781985650
1428049200	1781994471,1781978501,1781984639,1781984831,1781985183,1781994510,1781983892,1781984661,1781984962,1781985017,1781985184,1781985360,1781985866,1781986007,1781986039,1781986141,1781986264,1781994755,1781985835,1781983811,1781984081,1781984521,1781984672,1781985119,1781985561,1781985604,1781985644,1781995526,1781985844,1781983348,1781985500,1781985640,1781995308,1781984805,1781984979,1781985704,1781985872,1781985905,1781985991,1781986036,1781986118,1781986138,1781986372,1781986523,1781986561,1781986608,1781986647
1428049500	1781986409,1781994893,1781978640,1781984767,1781985239,1781985251,1781985365,1781985607,1781985925,1781986142,1781986198,1781996109,1781985605,1781985888,1781986124,1781986486,1781986524,1781986570,1781986607,1781986765,1781986861,1781986942,1781986980,1781987040,1781986898,1781996057,1781985617,1781985912,1781986080,1781986398,1781986618,1781986683,1781986774,1781986807,1781986840,1781984756,1781985013,1781986249,1781986412,1781986513,1781986580,1781986750,1781986984,1781987107,1781987182,1781987373,1781987489,1781996809,1781986258,1781986413,1781986586,1781986640,1781986725,1781986871,1781987081,1781987109,1781987147,1781987233,1781987297
1428049800	1781987973,1781996771,1781986410,1781986522,1781986689,1781986846,1781987035,1781987149,1781987221,1781987280,1781987370,1781987446,1781987533,1781987578,1781987748,1781987813,1781987961,1781987231,1781997069,1781985483,1781985699,1781986246,1781986408,1781986612,1781986979,1781987124,1781996791,1781984909,1781986814,1781986864,1781986989,1781987183,1781987235,1781987439,1781987511,1781987694,1781987834,1781987898,1781987939,1781987953,1781987837,1781986532,1781986578,1781986926,1781987134,1781987179,1781987239,1781987389,1781987429,1781987687,1781987771,1781987804,1781997108,1781988229,1781986196,1781986587,1781987026,1781987123,1781987484,1781987596,1781987666,1781987684,1781987712,1781987840,1781987930,1781987978,1781988016,1781988205
1428050100	1781986389,1781986722,1781986998,1781987519,1781987667,1781987822,1781987998,1781988543,1781987226,1781987714,1781987981,1781987995,1781988086,1781988110,1781988123,1781988177,1781988232,1781988297,1781988524,1781988820,1781998307,1781986047,1781986793,1781987371,1781987688,1781987716,1781987954,1781988004,1781988163,1781988310,1781988396,1781988440,1781989564,1781987388,1781987761,1781987938,1781988133,1781988369,1781988491,1781988537,1781988565,1781988611,1781988705,1781988740,1781988875,1781988911,1781989076,1781989227,1781989293,1781989370,1781989439,1781989441,1781989520,1781989037,1782002796,1781986192,1781986420,1781987051,1781987609,1781987722,1781988373,1781988489,1781988548,1781988601,1781988661,1781988848,1781988883,1781988921,1781988984
1428050400	1781989233,1781986806,1781986932,1781987842,1781987948,1781988176,1781988290,1781988484,1781988652,1781988662,1781988821,1781988936,1781989000,1781989050,1781989193,1781989231,1781987944,1781988090,1781988377,1781989039,1781989269,1781989303,1781989449,1781989516,1781989546,1781989562,1781989706,1781987696,1781988457,1781988562,1781988699,1781988856,1781988867,1781988982,1781989189,1781989304,1781989379,1781989519,1781989610,1781989607,1781988068,1781988564,1781988937,1781988993,1781989089,1781989196,1781989230,1781989383,1781989450,1781989550,1781996386,1781988281,1781988729,1781988876,1781989183,1781989264,1781989302,1781989619,1781989684,1781989716,1781995302,1781996081
1428050700	1781989444,1781988727,1781989002,1781989036,1781989301,1781989443,1782006278,1781987283,1781988502,1781989223,1781989373,1781989555,1781994802,1781995450,1781995689,1781987028,1781988807,1781989001,1781989710,1781996031,1781996454,1781996704,1781996784,1781997013,1781997316,1781997328,1781988865,1781989447,1781989620,1781989704,1781997504,1782007600,1781988580,1781989698,1781996327,1781997484
1428051000	1782007764,1781998452,1781997261,1781997431,1781998195,1782007968,1781998611,1781988331,1781997439,1781997596,1781998006,1781998270,1781998549,1781998605,1781989310,1781999298,1781988999,1781997827,1781998275,1781998499,1781998603,1781998716,1781998749,1781998875,1781998931,1781998960,1781999192,1781999279,1781998926,1782009959,1781989507,1781997820,1781997880,1781998390,1781998442,1781998613,1781998889,1781998924
1428051300	1781988523,1781997708,1781998099,1781999479,1782010877,1781997620,1781998512,1781998669,1781998919,1781999036,1781999103,1781999387,1781999403,1781999429,1781999469,1781999476,1782011071,1781989553,1781997626,1781998376,1781998554,1781998896,1781999120,1781999269,1782011772,1781988918,1781999194,1781999367,1781999430,1781999653,1782012285,1781998907,1781998929,1781999659,1782006716
1428051600	1782007445,1782012181,1781997711,1781999378,1781999633,1782007080,1782007238,1782012427,1782007326,1781989075,1781998946,1782007432,1782007925,1782012397,1781998745,1781999405,1781999696,1782013474,1781989711,1781999406,1781999559
1428051900	1782008650,1781999635,1782007773,1782008265,1782008631,1782020966,1782008967,1781999649,1782008585,1782008757,1782008913,1782007374,1782008241,1782008449,1782008625,1782008712,1782008837,1782009415,1781999077,1781999557,1782008692,1782008921,1782009176,1782009266,1782009357,1782008704
1428052200	1782021771,1782007802,1782008134,1782009247,1782009264,1782009392,1782009553,1782009714,1782012136,1782022311,1782008685,1782008942,1782009209,1782011890,1782009168,1782008596,1782008841,1782022167,1782007612,1782009077,1782009723,1782022602,1782011987,1781999677,1782008783,1782009075,1782009389,1782009531,1782009585,1782009667,1782011270
1428052500	1782022459,1782009313,1782009469,1781999389,1782008649,1782013111,1782013374,1782013391,1782013488,1782023252,1782009312,1782012286,1782013423,1782013569,1782013580,1782023026,1782011261,1782013394,1782013478,1782013507,1782013790,1782013803,1782013832,1782013274,1782013837,1782013930,1782014026,1782014116,1782014147
1428052800	1782014300,1782008932,1782009431,1782012937,1782012972,1782013371,1782014068,1782014207,1782013931,1782023798,1782013421,1782013740,1782013831,1782013889,1782024015,1782014507,1782014009,1782014058,1782014176,1782014468,1782024172,1782013393,1782014288,1782014305,1782014508,1782015109,1782014153,1782014353,1782014399,1782014482,1782014690,1782014930,1782015025
1428053100	1782015074,1782014019,1782014082,1782014510,1782014695,1782014861,1782014905,1782014932,1782015008,1782014755,1782024322,1782009707,1782013277,1782014140,1782014496,1782014653,1782014994,1782013834,1782013962,1782014404,1782014495,1782014928,1782014934,1782015469,1782014488,1782014565,1782015144,1782015414,1782015455,1782024786,1782013960,1782014622
1428056100	1782040035,1782028879,1782018860,1782019243,1782026632,1782040608,1782028742,1782028874,1782028954,1782039952,1782028842,1782040904,1782029288,1782029679
1428056400	1782040329,1782019077,1782040905,1782028344,1782028945,1782029007,1782029345,1782029382,1782040956,1782029658,1782028840,1782029513
1428056700	1782041458,1782029598,1782041834,1782038109,1782037540,1782037965,1782038083,1782037491,1782029279,1782036632,1782037324,1782037408,1782028953,1782029614,1782037107,1782041739,1782038244,1782037865,1782038053,1782038163
1428057000	1782041671,1782037854,1782037323,1782041911,1782029074,1782036927,1782037328,1782037803,1782037880,1782038037,1782038085,1782038129,1782038165,1782038238,1782038337,1782038424,1782038476,1782038697,1782038569,1782029474,1782029520,1782037952,1782038159,1782038240,1782038292,1782039021,1782050181,1782038040,1782038477,1782038633,1782038831,1782038930,1782039018
1428057300	1782042427,1782038293,1782038690,1782038730,1782051143,1782039164,1782037930,1782038115,1782038674,1782038828,1782038925,1782050553,1782039345,1782038804,1782039004,1782039220,1782039271,1782051386,1782038910,1782039006,1782039119,1782039406,1782038313,1782038852,1782038932,1782039044,1782039268
1428057600	1782039715,1782051960,1782038512,1782038542,1782038716,1782038998,1782039210,1782039586,1782039696,1782039704,1782051915,1782038675,1782038850,1782039192,1782039266,1782039682,1782052086,1782038952,1782039086,1782039346,1782039472,1782039632,1782039683,1782039708,1782041270,1782042007,1782052382,1782038738,1782038973,1782039349,1782039680,1782041460,1782052441,1782038822,1782039194,1782039507,1782039621
1428057900	1782052611,1782039015,1782039070,1782039436,1782041924,1782052547,1782038670,1782039175,1782039339,1782039474,1782039653,1782042008,1782042460,1782052848,1782038603,1782039168,1782042309,1782042599,1782052721,1782042356,1782042542,1782039019,1782039626
1428058200	1782052645,1782039705,1782039116,1782042176,1782042592,1782053506,1782039295,1782042468,1782042545,1782042082,1782042298,1782042429,1782042492,1782042562,1782042613,1782042785,1782042913,1782053336,1782042509
1428058500	1782053738,1782039509,1782041433,1782042718,1782043275,1782043423,1782053712,1782041402,1782042217,1782042347,1782043047,1782043300,1782043322,1782043386,1782043145,1782042175,1782042720,1782042808,1782042992,1782053652,1782043429,1782043044,1782043269,1782043418,1782043810,1782042756,1782043134,1782043320,1782043449,1782043568,1782043633,1782043791
